2026-W42-T3	SEA-2026-10	2026-10-13	Facebook	Video ngắn	"Để chị suy nghĩ." Năm 2013, câu đó làm mình ngồi khóc trong xe.	Đã đăng		2410		37	14
2026-W42-T3-TT	SEA-2026-10	2026-10-13	TikTok	Video ngắn	"Để chị suy nghĩ." Năm 2013, câu đó làm mình ngồi khóc trong xe.	Đã đăng		1180	17		2
2026-W42-BH	SEA-2026-10		Facebook	Bài chữ	3 tháng đầu bán bảo hiểm, 0 hợp đồng	Đã đăng				48	17
2026-W42-T4	SEA-2026-10	2026-10-14	Facebook, TikTok	Video ngắn	Khách hỏi giá niềng, bạn lễ tân gửi liền nguyên cái bảng giá, xong khách seen.	Đã đăng		1960			9
2026-W42-T4-EMAIL	SEA-2026-10	2026-10-14	Email	Email	khách nói "để chị suy nghĩ" rồi mất luôn?	Đã viết					
2026-W42-T5	SEA-2026-10	2026-10-15	Facebook	Bài chữ	Khách đang nằm trên giường, tư vấn viên đứng kế bên chào thẻ ba chục buổi.	Đã viết					
2026-W42-T5-CAR	SEA-2026-10	2026-10-15	Facebook, TikTok	Carousel	Ép khách ký thẻ là mất 3 lần (lần thứ 3 không nằm trên bảng doanh số)	Đã viết					
2026-W42-T5-ZALO	SEA-2026-10	2026-10-15	Zalo	Tin Zalo	tuần này cơ sở mình có bao nhiêu khách hỏi giá rồi seen?	Đã đăng					26
2026-W42-T6	SEA-2026-10	2026-10-16	Facebook, TikTok	Video ngắn	Khách nhắn "đắt quá", nhiều chỗ dạy nhân viên học thuộc một câu đáp trả.	Đã đăng		3050			15
2026-W42-T7	SEA-2026-10	2026-10-17	Facebook, TikTok	Video ngắn	Chủ spa đưa mình coi nguyên một trang tin nhắn: khách hỏi giá xong, seen.	Đã viết					
2026-W42-CN	SEA-2026-10	2026-10-18	Zalo	Tin Zalo	Chủ cơ sở hỏi mình nhiều nhất câu này: "học xong rồi về dạy tụi nhỏ sao?"	Đã viết					
2026-W43-T2-QC	SEA-2026-10	2026-10-19	Facebook	Quảng cáo	Khách nhắn "đắt quá", tụi nhỏ trực inbox ngồi im, không biết trả lời sao.	Ý tưởng					
